{"cameraMode":{"drawMode":0,"name":"Shaded","section":"Shading Mode"},"sceneLighting":true,"audioPlay":false,"sceneViewState":{"showFog":true,"showMaterialUpdate":true,"showSkybox":true,"showFlares":true,"showImageEffects":true,"showParticleSystems":true},"in2DMode":false,"pivot":{"x":2.3983309268951418,"y":10.180662155151368,"z":-2.917945623397827},"rotation":{"x":0.03538664057850838,"y":0.9517635703086853,"z":0.12026255577802658,"w":-0.28008392453193667},"size":8.219703674316407,"orthographic":false}